{
  "out_size": 512,
  "H": [
    [
      1.0782922929942398,
      -0.0010676161316774647,
      -0.5014459518472597
    ],
    [
      0.003202804655851324,
      1.081480372125808,
      -4.057052710154209
    ],
    [
      4.186688737428056e-06,
      4.153738619715531e-06,
      1.0
    ]
  ],
  "example_image": "data\\real\\images\\game2_frame_000200.jpg"
}