{
  "out_size": 512,
  "H": [
    [
      1.084868191183289,
      0.0,
      0.0
    ],
    [
      0.0022504857255046863,
      1.0667302338892213,
      -2.1334604677784426
    ],
    [
      1.3362331972718419e-05,
      -1.7654120471718255e-05,
      1.0
    ]
  ],
  "example_image": "data\\real\\images\\game2_frame_000200.jpg"
}