{
  "out_size": 512,
  "H": [
    [
      3.7668094438594926,
      -0.02140232638556466,
      -1237.740008352712
    ],
    [
      0.021280730021167323,
      3.7666892137463783,
      -1251.8056923544311
    ],
    [
      4.1645264229287164e-05,
      -4.7191235095111413e-07,
      1.0
    ]
  ],
  "example_image": "data\\synth\\images\\0085df257f54eac7_white.png"
}